{
    "rmse": 0.7258426027836704,
    "mae": 0.5821871985298005,
    "r2": 0.19381367977382846
}